City_ID,City,Lat,Lng,Max Temp,Humidity,Cloudiness,Wind Speed,Country,Date
0,longyearbyen,78.2186,15.6401,46.24,87,75,8.05,SJ,1691446402
1,carnarvon,-24.8667,113.6333,67.1,81,9,4.09,AU,1691446406
2,hermosillo,29.0667,-110.9667,106.2,34,40,8.01,MX,1691446373
3,aasiaat,68.7098,-52.8699,39.27,74,16,8.14,GL,1691446472
4,namibe,-15.1961,12.1522,64.22,88,47,4.92,AO,1691446472
5,la mira,18.035,-102.3266,90.81,57,7,12.01,MX,1691446472
6,muhos,64.808,25.9931,74.98,84,41,12.33,FI,1691446472
7,grytviken,-54.2811,-36.5092,20.57,82,67,9.84,GS,1691446398
8,papatowai,-46.5619,169.4708,41.61,82,100,14.63,NZ,1691446472
9,port lincoln,-34.7333,135.8667,49.53,77,0,9.19,AU,1691446399
10,san pedro pochutla,15.7333,-96.4667,94.71,58,21,7.65,MX,1691446472
11,olonkinbyen,70.9221,-8.7187,39.67,79,3,4.81,SJ,1691446473
12,blackmans bay,-43.0167,147.3167,44.53,92,27,5.84,AU,1691446473
13,myitkyina,25.3833,97.4,74.84,100,100,0.85,MM,1691446473
14,punta arenas,-53.15,-70.9167,35.2,86,100,5.03,CL,1691446473
15,thompson,55.7435,-97.8558,66.36,59,75,8.05,CA,1691446473
16,tiksi,71.6872,128.8694,46.85,61,58,3.89,RU,1691446473
17,yellowknife,62.456,-114.3525,68.56,45,40,10.36,CA,1691446347
18,zheleznogorsk-ilimskiy,56.5768,104.1217,57.47,96,35,2.39,RU,1691446473
19,san lorenzo,-25.3333,-57.5333,76.14,73,75,17.27,PY,1691446473
20,edd,13.9297,41.6925,92.34,56,64,7.14,ER,1691446473
21,hasaki,35.7333,140.8333,82.8,86,97,7.87,JP,1691446473
22,adamstown,-25.066,-130.1015,68.99,73,71,7.63,PN,1691446473
23,acarau,-2.8856,-40.12,78.8,79,43,20.85,BR,1691446310
24,gadzhiyevo,69.2551,33.3362,58.57,70,95,9.64,RU,1691446473
25,invercargill,-46.4,168.35,43.02,81,84,7.0,NZ,1691446211
26,mogocha,53.7333,119.7667,58.15,71,73,1.79,RU,1691446473
27,castillos,-34.1667,-53.8333,46.71,73,0,9.84,UY,1691446474
28,robore,-18.3333,-59.75,87.44,34,33,6.82,BO,1691446474
29,saipan,15.1355,145.701,81.3,100,75,0.0,MP,1691446474
30,bethel,41.3712,-73.414,77.85,85,100,9.22,US,1691446474
31,isafjordur,66.0755,-23.124,53.53,62,45,2.89,IS,1691446474
32,princeville,45.7668,-61.2985,66.54,82,40,11.5,CA,1691446474
33,berezovo,63.9381,65.0419,63.45,90,0,11.18,RU,1691446474
34,bilibino,68.0546,166.4372,42.44,72,64,4.12,RU,1691446474
35,kodiak,57.79,-152.4072,60.31,88,100,12.66,US,1691446303
36,bella union,-30.2752,-57.6007,57.18,51,0,11.72,UY,1691446474
37,borba,-4.3878,-59.5939,88.93,44,96,2.95,BR,1691446474
38,sitangkai,4.6628,119.3928,83.57,74,47,12.08,PH,1691446474
39,port elizabeth,-33.918,25.5701,57.49,94,0,3.44,ZA,1691446267
40,stanley,54.868,-1.6985,55.27,85,0,9.22,GB,1691446434
41,waitangi,-43.9535,-176.5597,48.81,95,100,1.99,NZ,1691446396
42,tazacorte,28.629,-17.9293,74.37,85,20,4.61,ES,1691446475
43,margaret river,-33.95,115.0667,59.56,88,98,21.94,AU,1691446475
44,remire-montjoly,4.9167,-52.2667,82.44,83,57,8.05,GF,1691446475
45,villanueva del trabuco,37.0479,-4.3221,71.17,90,24,8.23,ES,1691446475
46,port-aux-francais,-49.35,70.2167,38.48,81,100,36.35,TF,1691446245
47,biratnagar,26.4831,87.2834,78.75,94,100,4.47,NP,1691446427
48,east london,-33.0153,27.9116,64.13,85,24,15.12,ZA,1691446475
49,raja,8.4596,25.678,69.03,97,28,4.03,SS,1691446475
50,smithers,54.7804,-127.1743,77.32,38,75,6.91,CA,1691446475
51,uturoa,-16.7333,-151.4333,78.35,76,90,6.98,PF,1691446417
52,ibarreta,-25.2144,-59.8585,72.86,63,73,13.27,AR,1691446475
53,vilyuchinsk,52.9306,158.4028,61.07,70,0,8.39,RU,1691446475
54,laminusa,5.5549,120.9136,82.35,78,62,7.63,PH,1691446475
55,bengkulu,-3.8004,102.2655,73.9,92,36,4.83,ID,1691446475
56,albany,42.6001,-73.9662,75.22,89,100,4.0,US,1691446437
57,sterling,39.0062,-77.4286,74.55,89,100,10.0,US,1691446250
58,aqadyr,48.2553,72.8483,64.89,68,88,5.23,KZ,1691446475
59,port alfred,-33.5906,26.891,59.18,94,6,12.77,ZA,1691446475
60,la passe,45.5549,-0.8967,64.98,76,2,8.52,FR,1691446476
61,luderitz,-26.6481,15.1594,59.09,73,0,15.86,NA,1691446476
62,hammerfest,70.6634,23.6821,61.25,88,75,8.05,NO,1691446476
63,puerto aysen,-45.4,-72.7,40.77,98,100,0.51,CL,1691446476
64,palembang,-2.9167,104.7458,77.09,100,20,3.44,ID,1691446476
65,mamuju,-2.6748,118.8885,76.53,86,6,3.87,ID,1691446476
66,wewak,-3.5534,143.6268,78.1,88,89,7.16,PG,1691446476
67,quellon,-43.1167,-73.6167,48.45,81,75,5.75,CL,1691446476
68,okhotsk,59.3833,143.3,55.13,72,100,5.75,RU,1691446476
69,pandharpur,17.6667,75.3333,74.37,82,100,11.86,IN,1691446476
70,ushuaia,-54.8,-68.3,35.26,75,0,1.14,AR,1691446291
71,flying fish cove,-10.4217,105.6791,74.88,94,100,10.36,CX,1691446476
72,maneromango,-7.1988,38.7848,65.48,97,5,3.94,TZ,1691446476
73,ribeira grande,38.5167,-28.7,73.78,84,1,8.99,PT,1691446476
74,portland,45.5234,-122.6762,86.83,51,20,8.99,US,1691446171
75,hermanus,-34.4187,19.2345,55.8,83,0,5.17,ZA,1691446477
76,edinburgh of the seven seas,-37.0676,-12.3116,56.68,78,72,34.2,SH,1691446477
77,ciudad bolivar,8.1222,-63.5497,89.92,55,79,1.81,VE,1691446477
78,weno,7.4515,151.8468,78.75,94,100,3.44,FM,1691446404
79,oleksandriya,48.6696,33.1159,66.2,64,0,7.7,UA,1691446477
80,saint-philippe,-21.3585,55.7679,67.59,78,89,15.03,RE,1691446436
81,saldanha,-33.0117,17.9442,55.45,92,0,7.05,ZA,1691446473
82,chibougamau,49.9168,-74.3659,73.02,49,0,5.75,CA,1691446477
83,alliance,40.9153,-81.1059,71.29,94,96,12.46,US,1691446214
84,itoman,26.1247,127.6694,80.62,92,75,25.32,JP,1691446477
85,chita,52.0333,113.55,49.89,100,100,0.0,RU,1691446376
86,kapuskasing,49.4169,-82.4331,77.09,50,75,10.36,CA,1691446477
87,christchurch,-43.5333,172.6333,44.33,82,54,4.61,NZ,1691446217
88,arraial do cabo,-22.9661,-42.0278,67.96,94,0,4.61,BR,1691446477
89,vilyuysk,63.7553,121.6247,62.19,68,0,5.73,RU,1691446477
90,lebu,-37.6167,-73.65,51.89,82,100,6.11,CL,1691446477
91,ciudad acuna,29.3232,-100.9522,109.69,22,0,12.66,MX,1691446477
92,hamilton,39.1834,-84.5333,76.95,85,100,5.75,US,1691446202
93,kas,36.2018,29.6377,79.59,63,0,5.53,TR,1691446477
94,qaqortoq,60.7167,-46.0333,42.84,83,16,4.83,GL,1691446478
95,parthenay,46.6667,-0.4167,59.95,68,41,6.98,FR,1691446478
96,aghstafa,41.1189,45.4539,80.82,54,0,4.63,AZ,1691446478
97,labuan bajo,-8.4964,119.8877,71.08,68,10,4.05,ID,1691446478
98,sundarnagar,31.5333,76.8833,71.87,83,19,3.67,IN,1691446478
99,kingston,17.997,-76.7936,93.24,66,75,21.85,JM,1691445914
100,lihue,21.9789,-159.3672,83.44,86,100,11.5,US,1691446478
101,hithadhoo,-0.6,73.0833,81.27,74,100,3.56,MV,1691446478
102,fagundes,-7.355,-35.775,72.0,83,20,8.05,BR,1691446478
103,iqaluit,63.7506,-68.5145,53.33,76,20,6.91,CA,1691446478
104,nemuro,43.3236,145.575,59.14,98,100,12.73,JP,1691446478
105,ust-tsilma,65.441,52.1498,49.37,94,43,4.74,RU,1691446478
106,fort bragg,35.139,-79.006,93.34,52,0,13.8,US,1691446478
107,jose pedro varela,-33.45,-54.5333,44.87,76,2,10.11,UY,1691446478
108,cockburn town,21.4612,-71.1419,83.98,87,6,19.89,TC,1691446478
109,drayton valley,53.2168,-114.9854,71.91,62,13,10.07,CA,1691446478
110,neukirchen,50.8667,9.3333,54.05,92,6,7.11,DE,1691446479
111,lompoc,34.6391,-120.4579,77.85,74,100,10.36,US,1691446458
112,igarka,67.4667,86.5833,53.26,84,27,7.45,RU,1691446479
113,south suffolk,36.7171,-76.5902,92.86,60,0,10.36,US,1691446479
114,kargasok,59.0556,80.8572,50.43,95,6,5.82,RU,1691446479
115,tame,6.461,-71.73,78.22,87,97,2.53,CO,1691446479
116,ilulissat,69.2167,-51.1,51.82,50,20,3.44,GL,1691446479
117,san patricio,28.017,-97.5169,101.12,43,0,18.39,US,1691446479
118,crane,31.3974,-102.3501,106.34,13,34,19.62,US,1691446479
119,puerto natales,-51.7236,-72.4875,32.09,88,100,1.97,CL,1691446402
120,ke-macina,13.9623,-5.3572,83.16,58,50,8.68,ML,1691446479
121,labrador city,52.9463,-66.9114,66.11,55,75,4.61,CA,1691446479
122,nar'yan-mar,67.6713,53.087,43.54,96,13,7.31,RU,1691446479
123,lazaro cardenas,17.9583,-102.2,89.74,61,7,12.97,MX,1691446479
124,genhe,50.7833,121.5167,57.49,69,98,2.3,CN,1691446479
125,utrik,11.2278,169.8474,82.85,79,74,20.27,MH,1691446479
126,fruitland,38.3221,-75.6202,85.93,79,40,10.36,US,1691446480
127,nuuk,64.1835,-51.7216,43.41,87,20,5.75,GL,1691446480
128,shingu,33.7333,135.9833,80.04,94,100,13.44,JP,1691446431
129,trincomalee,8.5711,81.2335,81.21,74,100,18.63,LK,1691446480
130,el granada,37.5027,-122.4694,96.93,67,0,19.57,US,1691446480
131,tazovsky,67.4667,78.7,54.46,80,20,5.88,RU,1691446480
132,ust-nera,64.5667,143.2,50.4,47,97,4.59,RU,1691446480
133,ataq,14.5377,46.8319,83.97,53,100,6.17,YE,1691446480
134,broome,42.2506,-75.833,76.46,81,75,10.36,US,1691446480
135,laguna,38.421,-121.4238,104.43,28,0,6.91,US,1691446480
136,pingxiang,27.6167,113.85,79.39,92,97,0.81,CN,1691446480
137,keflavik,64.0049,-22.5624,55.31,93,75,4.61,IS,1691446426
138,senhor do bonfim,-10.4614,-40.1894,71.11,70,2,8.03,BR,1691446371
139,kidal,18.4411,1.4078,90.93,37,49,7.9,ML,1691446480
140,nadi,-17.8,177.4167,78.8,73,20,2.3,FJ,1691446480
141,baruun-urt,46.6806,113.2792,54.79,95,60,6.46,MN,1691446480
142,miramichi,47.0043,-65.4654,63.43,68,80,7.02,CA,1691446480
143,turan,16.0678,108.2208,82.38,74,20,3.44,VN,1691446386
144,brookings,44.3114,-96.7984,78.19,51,0,3.0,US,1691446481
145,georgetown,5.4112,100.3354,80.53,89,20,0.0,MY,1691446285
146,howard springs,-12.497,131.047,69.71,66,35,7.61,AU,1691446481
147,ouesso,1.6136,16.0517,69.71,99,100,0.4,CG,1691446481
148,visby,57.6409,18.296,59.83,100,100,11.5,SE,1691446481
149,badger,64.8,-147.5333,71.13,66,100,10.36,US,1691446481
150,along,28.1667,94.7667,75.43,99,98,0.81,IN,1691446481
151,tosya,41.0155,34.0401,66.88,79,0,3.04,TR,1691446481
152,onega,63.9061,38.1404,61.05,73,1,11.36,RU,1691446481
153,inverloch,-38.6333,145.7167,46.29,92,31,3.87,AU,1691446481
154,whitehorse,60.7161,-135.0538,74.01,43,75,12.66,CA,1691446419
155,west island,-12.1568,96.8225,76.98,88,40,10.36,CC,1691446481
156,tchollire,8.4022,14.1698,72.07,89,100,2.33,CM,1691446481
157,tynda,55.1667,124.7167,61.63,71,100,1.12,RU,1691446481
158,jabat,7.75,168.9751,82.49,76,100,7.58,MH,1691446481
159,vorkuta,67.5,64.0,52.52,94,25,8.86,RU,1691446481
160,avarua,-21.2078,-159.775,75.25,69,88,5.75,CK,1691446481
161,pacific grove,36.6177,-121.9166,80.38,84,20,16.11,US,1691446482
162,niafunke,15.9322,-3.9906,92.34,41,56,13.73,ML,1691446482
163,araure,9.5601,-69.2148,78.85,93,82,2.21,VE,1691446482
164,peruibe,-24.32,-46.9983,73.96,61,0,8.84,BR,1691446482
165,anadyr,64.75,177.4833,54.1,93,75,15.66,RU,1691446482
166,vorgashor,67.5833,63.95,51.57,93,26,8.72,RU,1691446482
167,klyuchi,52.2667,79.1667,61.92,49,0,3.06,RU,1691446482
168,san antonio de pale,-1.4014,5.6325,73.11,79,56,8.95,GQ,1691446482
169,tqvarch'eli,42.8404,41.6801,73.72,89,25,3.04,GE,1691446482
170,chhor,25.5167,69.7667,82.58,72,69,24.67,PK,1691446482
171,kasungu,-13.0333,33.4833,61.43,60,8,4.07,MW,1691446482
172,afaahiti,-17.75,-149.2833,82.27,79,97,12.33,PF,1691446482
173,togur,58.3631,82.8265,50.9,98,27,5.5,RU,1691446482
174,qandala,11.472,49.8728,89.46,48,49,10.36,SO,1691446482
175,udachny,66.4167,112.4,57.45,50,98,4.52,RU,1691446400
176,belmonte,-15.8631,-38.8828,72.99,82,63,6.55,BR,1691446482
177,laghouat,33.8,2.8651,87.35,17,0,6.93,DZ,1691446482
178,coquimbo,-29.9533,-71.3436,58.73,82,40,8.05,CL,1691446482
179,port mathurin,-19.6833,63.4167,73.24,56,12,19.46,MU,1691446408
180,pisco,-13.7,-76.2167,69.85,68,0,11.5,PE,1691446483
181,quepos,9.4236,-84.1652,78.75,92,100,3.67,CR,1691446483
182,sisimiut,66.9395,-53.6735,46.42,67,20,2.8,GL,1691446483
183,businga,3.3333,20.8833,68.83,99,99,0.49,CD,1691446483
184,labytnangi,66.6572,66.4183,60.1,93,1,2.62,RU,1691446483
185,klaksvik,62.2266,-6.589,50.92,78,75,11.43,FO,1691446483
186,port blair,11.6667,92.75,82.44,83,75,9.22,IN,1691446483
187,undurkhaan,47.3194,110.6556,58.14,89,100,4.83,MN,1691446483
188,birzebbuga,35.8258,14.5269,72.28,78,0,20.71,MT,1691446483
189,ankang,32.68,109.0172,76.06,94,95,2.98,CN,1691446483
190,yei,4.095,30.6779,65.64,97,25,3.29,SS,1691446483
191,siwa oasis,29.2041,25.5195,86.85,44,0,15.28,EG,1691446483
192,krasnyy chikoy,50.3643,108.7512,52.65,97,18,3.13,RU,1691446483
193,sitka,57.0531,-135.33,66.09,55,100,10.36,US,1691446483
194,rongelap,11.1635,166.8941,83.28,75,38,15.03,MH,1691446483
195,lodeynoye pole,60.726,33.5531,74.28,70,0,11.54,RU,1691446483
196,kotlas,61.2611,46.6556,56.43,83,0,4.61,RU,1691446484
197,dudinka,69.4058,86.1778,58.62,70,86,5.82,RU,1691446403
198,qarazhal,48.0078,70.7903,70.36,60,96,4.59,KZ,1691446484
199,namtsy,62.7161,129.6658,58.84,46,50,3.94,RU,1691446484
200,hadibu,12.65,54.0333,78.28,81,46,19.6,YE,1691446484
201,margherita,27.2833,95.6833,76.53,96,87,2.44,IN,1691446484
202,betio village,1.358,172.9211,84.24,72,61,7.63,KI,1691446478
203,constantia,44.1833,28.65,65.08,51,0,5.53,RO,1691446484
204,kogalym,62.2654,74.4791,65.93,53,68,9.44,RU,1691446484
205,enewetak,11.3474,162.3373,79.34,87,100,12.19,MH,1691446482
206,saint george,37.1041,-113.5841,104.41,11,0,11.5,US,1691446189
207,axim,4.8699,-2.2405,76.03,88,2,8.28,GH,1691446484
208,san rafael,-34.6177,-68.3301,55.65,20,100,6.44,AR,1691446214
209,markala,13.7021,-6.0659,79.68,69,49,6.85,ML,1691446484
210,stephenville,32.2207,-98.2023,107.76,18,0,9.22,US,1691446252
211,kone,-21.0595,164.8658,69.6,66,3,5.84,NC,1691446484
212,taloda,21.5667,74.2167,77.49,86,100,14.72,IN,1691446484
213,shalqar,47.8333,59.6,76.66,49,16,9.62,KZ,1691446484
214,gamba,-2.65,10.0,71.13,86,75,4.38,GA,1691446467
215,polyarnyy,69.1989,33.4478,58.24,70,90,10.29,RU,1691446474
216,kolonia town,6.964,158.206,82.51,83,100,3.44,FM,1691446484
217,derzhavinsk,51.1,66.3167,67.3,55,33,8.34,KZ,1691446485
218,puerto ayora,-0.7393,-90.3518,84.16,86,86,8.01,EC,1691446482
219,murzuq,25.9155,13.9184,93.38,24,0,17.49,LY,1691446485
220,petropavlovsk-kamchatsky,53.0452,158.6483,59.59,72,0,6.71,RU,1691446485
221,piacabucu,-10.4056,-36.4344,74.3,79,18,9.8,BR,1691446485
222,whakatane,-37.9585,176.9854,55.51,86,97,3.49,NZ,1691446485
223,kuala terengganu,5.3302,103.1408,77.88,88,15,3.42,MY,1691446485
224,novozybkov,52.5396,31.9275,59.59,94,32,8.63,RU,1691446485
225,bel ombre,-4.6167,55.4167,78.64,78,40,14.97,SC,1691446485
226,punta del este,-34.9667,-54.95,46.87,76,40,10.36,UY,1691446485
227,st. john's,47.5649,-52.7093,61.79,92,75,16.11,CA,1691446415
228,micheweni,-4.9667,39.8333,74.93,82,0,10.69,TZ,1691446486
229,tsiombe,-25.3,45.4833,64.99,79,0,3.42,MG,1691446486
230,murghob,38.1702,73.9667,49.08,41,0,5.06,TJ,1691446486
231,susuman,62.7833,148.1667,41.61,64,94,3.15,RU,1691446394
232,nephi,39.7102,-111.8363,89.74,17,3,14.54,US,1691446486
233,bani suwayf,29.0744,31.0979,86.52,50,0,17.16,EG,1691446487
234,guangyuan,32.442,105.823,74.52,95,67,2.39,CN,1691446487
235,kovdor,67.5662,30.4758,54.09,66,83,8.01,RU,1691446487
236,ocean city,39.2776,-74.5746,81.01,77,19,14.0,US,1691446343
237,tolanaro,-25.0319,46.9987,68.25,85,100,12.55,MG,1691446487
238,mount gambier,-37.8333,140.7667,39.54,97,13,4.43,AU,1691446197
239,mitu,1.1983,-70.1733,78.6,90,72,1.92,CO,1691446487
240,atafu village,-8.5421,-172.5159,82.62,70,10,13.62,TK,1691446487
241,masterton,-40.9597,175.6575,49.89,95,100,3.2,NZ,1691446487
242,effingham,32.3669,-81.3332,95.45,72,43,10.98,US,1691446487
243,mount pearl,47.5166,-52.7813,60.96,92,75,16.11,CA,1691446487
244,kittila,67.6647,24.8936,62.62,88,40,3.44,FI,1691446487
245,thames,-37.1333,175.5333,50.86,96,99,2.82,NZ,1691446487
246,chonchi,-42.6128,-73.8092,51.01,90,99,1.48,CL,1691446487
247,manay,7.215,126.5397,78.64,80,98,7.43,PH,1691446487
248,wailua homesteads,22.0669,-159.378,82.83,89,100,11.5,US,1691446487
249,rada tilly,-45.9333,-67.5333,45.09,57,0,2.3,AR,1691446487
250,nayoro,44.3506,142.4578,64.65,99,100,2.42,JP,1691446487
251,jiangyou,31.7667,104.7167,74.5,90,67,3.96,CN,1691446488
252,medina,24.4686,39.6142,93.63,10,0,4.61,SA,1691446321
253,la'ie,21.6477,-157.9253,87.76,72,31,21.09,US,1691446488
254,holualoa,19.6228,-155.9522,85.55,61,20,10.36,US,1691446488
255,sanibel,26.449,-82.0223,96.85,64,5,5.01,US,1691446488
256,puerto rico,-26.796,-55.024,67.1,97,59,2.66,AR,1691446488
257,hawaiian paradise park,19.5933,-154.9731,83.73,75,40,12.66,US,1691446382
258,canals,38.9625,-0.5844,79.02,76,0,3.0,ES,1691446488
259,arandas,20.7,-102.35,76.66,47,29,5.14,MX,1691446488
260,saint-francois,46.4154,3.9054,56.64,82,0,2.3,FR,1691446488
261,shahjanpur,27.8833,79.9167,83.82,68,100,8.01,IN,1691446488
262,birao,10.2849,22.7882,71.28,97,100,5.14,CF,1691446488
263,missoula,47.0166,-113.8009,73.17,44,62,3.09,US,1691446488
264,beinamar,8.6698,15.3813,72.99,85,100,2.06,TD,1691446488
265,tanaina,61.6269,-149.4281,70.61,52,20,17.27,US,1691446488
266,college,64.8569,-147.8028,71.2,70,100,10.36,US,1691446489
267,humberto de campos,-2.5983,-43.4611,79.0,80,45,8.21,BR,1691446489
268,hilo,19.7297,-155.09,83.95,76,40,12.66,US,1691446489
269,mandiana,10.6333,-8.6833,73.36,92,100,2.98,GN,1691446489
270,kaiapoi,-43.3783,172.6401,45.46,85,52,4.61,NZ,1691446489
271,chernyshevsk,52.5243,117.0174,61.65,58,82,3.38,RU,1691446489
272,launceston,-41.45,147.1667,39.15,100,100,5.75,AU,1691446489
273,sungai penuh,-2.0833,101.3833,63.46,97,8,3.4,ID,1691446489
274,bela,25.9333,81.9833,81.52,73,100,11.41,IN,1691446489
275,bardai,11.65,7.2333,71.91,88,90,8.39,NG,1691446489
276,kalaleh,37.3807,55.4916,81.18,62,47,0.94,IR,1691446489
277,north bend,43.4065,-124.2243,82.24,73,0,16.11,US,1691446489
278,kindia,10.0569,-12.8658,70.81,97,100,1.74,GN,1691446489
279,isangel,-19.55,169.2667,75.31,73,75,2.3,VU,1691446490
280,jinxiang,27.4327,120.6062,79.23,91,23,2.44,CN,1691446490
281,khandyga,62.6667,135.6,60.35,40,9,7.83,RU,1691446490
282,minas de marcona,-15.2119,-75.1103,59.54,71,9,12.75,PE,1691446434
283,barda,40.3744,47.1267,81.79,55,1,4.47,AZ,1691446490
284,port saint john's,-31.6229,29.5448,63.72,85,14,8.43,ZA,1691446490
285,empangeni,-28.762,31.8933,59.7,94,2,3.27,ZA,1691446490
286,queensbury,53.7667,-1.9167,54.75,88,38,11.07,GB,1691445927
287,new norfolk,-42.7826,147.0587,45.72,95,18,3.15,AU,1691446421
288,kuala belait,4.5833,114.1833,77.16,93,41,4.76,BN,1691446490
289,boyolangu,-8.1181,111.8935,70.77,90,58,4.34,ID,1691446490
290,woolgoolga,-30.1106,153.2007,57.07,79,41,11.63,AU,1691446490
291,puerto baquerizo moreno,-0.9,-89.6,79.79,69,75,14.97,EC,1691446353
292,tres arroyos,-38.3739,-60.2798,41.34,61,2,7.2,AR,1691446490
293,bredasdorp,-34.5322,20.0403,50.11,87,0,5.23,ZA,1691446490
294,ghormach,35.7306,63.7826,77.99,27,0,2.59,AF,1691446490
295,bikenibeu village,1.3673,173.1241,84.16,74,75,4.61,KI,1691446490
296,strensall,54.04,-1.0351,57.56,89,23,8.88,GB,1691446490
297,varde,55.6211,8.4807,57.97,68,75,28.77,DK,1691446491
298,santa maria da boa vista,-8.8078,-39.8256,82.38,42,3,16.49,BR,1691446491
299,urangan,-25.3,152.9,62.56,81,68,13.02,AU,1691446491
300,mo i rana,66.3128,14.1428,61.32,94,75,3.44,NO,1691446491
301,severo-yeniseyskiy,60.3725,93.0408,51.19,87,100,3.29,RU,1691446491
302,kamensk-ural'skiy,56.4185,61.9329,60.89,75,91,5.93,RU,1691446252
303,dadukou,26.5479,101.7054,70.95,97,90,2.84,CN,1691446491
304,pinarbasi,38.7229,36.3931,71.53,52,0,3.71,TR,1691446491
305,island harbour,50.724,-1.2758,59.99,89,44,8.57,GB,1691446399
306,cooper's town,26.8667,-77.5167,85.93,65,76,5.66,BS,1691446491
307,altar,30.7,-111.8167,101.79,29,9,9.26,MX,1691446491
308,tufanganj,26.3167,89.6667,78.19,95,100,2.73,IN,1691446491
309,poso,-1.3959,120.7524,79.34,68,53,4.43,ID,1691446491
310,honiara,-9.4333,159.95,79.07,86,91,2.55,SB,1691446491
311,saint-pierre,-21.3393,55.4781,67.68,77,40,8.05,RE,1691446491
312,pimentel,-6.8367,-79.9342,75.49,69,75,9.22,PE,1691446491
313,totana,37.7688,-1.5023,76.26,80,30,5.46,ES,1691446208
314,cestos city,5.46,-9.5828,77.99,85,100,9.33,LR,1691446492
315,progreso,21.2833,-89.6667,96.12,71,4,16.46,MX,1691446492
316,carutapera,-1.195,-46.02,77.81,88,62,6.91,BR,1691446492
317,atar,20.5169,-13.0499,92.01,19,1,5.86,MR,1691446492
318,sabang,5.8933,95.3214,81.03,79,100,20.98,ID,1691446492
319,port augusta,-32.5,137.7667,43.0,72,0,2.08,AU,1691446492
320,san jose de jachal,-30.2406,-68.7469,58.33,28,6,2.42,AR,1691446492
321,igrim,63.1906,64.4162,62.96,81,0,7.99,RU,1691446492
322,flin flon,54.7682,-101.865,58.84,82,75,9.22,CA,1691446492
323,ambovombe,-25.1667,46.0833,65.89,80,28,5.53,MG,1691446492
324,khonsa,27.0167,95.5667,70.12,98,100,3.78,IN,1691446492
325,bandar lampung,-5.4254,105.258,72.55,96,74,2.01,ID,1691446492
326,haradok,55.4624,29.9816,61.23,95,100,19.42,BY,1691446492
327,buston,40.2342,69.6948,77.18,57,40,8.95,TJ,1691446492
328,ponta delgada,37.7333,-25.6667,72.32,78,20,4.61,PT,1691446492
329,galveston,29.3669,-94.9669,101.14,63,0,17.27,US,1691446493
330,marolambo,-20.05,48.1167,58.87,98,48,1.99,MG,1691446493
331,erenhot,43.6475,111.9767,75.18,45,9,8.23,CN,1691446493
332,patan,27.6667,85.3333,71.98,94,100,0.0,NP,1691446493
333,thinadhoo,0.5333,72.9333,81.93,74,97,5.75,MV,1691446420
334,aweil,8.7682,27.4002,71.58,95,69,2.3,SS,1691446493
335,rocha,-34.4833,-54.3333,43.97,76,4,8.14,UY,1691446493
336,cidade velha,14.9167,-23.6167,79.27,73,75,12.66,CV,1691446493
337,kamina,-8.7386,24.9906,66.33,42,0,3.47,CD,1691446493
338,jamestown,42.097,-79.2353,70.02,97,100,9.22,US,1691445767
339,balabac,7.9868,117.0645,81.84,79,3,9.4,PH,1691446493
340,bikaner,28.0167,73.3,83.03,68,22,24.4,IN,1691446493
341,fale old settlement,-9.3852,-171.2468,82.51,70,7,14.67,TK,1691446493
342,campos do jordao,-22.7394,-45.5914,59.14,46,2,2.8,BR,1691446493
343,rio grande,-32.035,-52.0986,53.71,69,18,13.62,BR,1691446493
344,tsetserleg,47.475,101.4542,51.15,79,65,2.53,MN,1691446493
345,mossel bay,-34.1831,22.146,56.37,74,0,9.06,ZA,1691446494
346,chanar ladeado,-33.3252,-62.0383,50.16,51,2,7.92,AR,1691446494
347,forster,-32.1667,152.5167,47.37,99,7,5.93,AU,1691446494
348,cidreira,-30.1811,-50.2056,60.67,78,100,10.58,BR,1691446476
349,dhidhdhoo,6.8833,73.1,81.5,78,93,14.56,MV,1691446494
350,nova sintra,14.8667,-24.7167,72.79,77,96,14.65,CV,1691446494
351,meadow lakes,61.6247,-149.6011,71.04,55,20,0.0,US,1691446494
352,talnakh,69.4865,88.3972,58.21,61,98,1.59,RU,1691446400
353,kulhudhuffushi,6.6221,73.07,81.43,79,99,14.14,MV,1691446494
354,watsa,3.0372,29.5355,64.72,98,100,3.0,CD,1691446494
355,tapa,59.2606,25.9586,67.64,88,1,6.96,EE,1691446494
356,vadso,70.0744,29.7487,63.48,72,75,5.75,NO,1691446494
357,cova figueira,14.8905,-24.2934,73.62,78,49,11.7,CV,1691446494
358,baraki barak,33.9675,68.9486,69.12,31,0,2.98,AF,1691446494
359,gebeit,21.0667,36.3167,85.75,22,3,0.18,SD,1691446494
360,betioky,-23.7167,44.3833,62.98,81,72,3.31,MG,1691446494
361,aleksandrovsk-sakhalinskiy,50.8975,142.1561,67.48,59,46,7.2,RU,1691446494
362,bodo,67.28,14.405,60.84,95,75,16.11,NO,1691446494
363,solnechnyy,50.7214,136.6319,66.83,53,97,1.86,RU,1691446494
364,leh,34.1667,77.5833,59.86,53,12,6.06,IN,1691446495
365,mosfellsbaer,64.1667,-21.7,54.91,88,75,5.75,IS,1691446495
366,bubaque,11.2833,-15.8333,81.25,82,100,10.76,GW,1691446495
367,peace river,56.2501,-117.286,73.71,68,75,5.75,CA,1691446495
368,ceelbuur,4.685,46.6176,75.94,70,93,22.35,SO,1691446495
369,cantley,53.5,-1.05,57.76,81,33,7.63,GB,1691446495
370,merizo village,13.2658,144.6691,83.98,93,88,4.21,GU,1691446495
371,eldorado at santa fe,35.5264,-105.9347,83.88,28,0,18.41,US,1691446495
372,kununurra,-15.7667,128.7333,69.78,32,10,10.36,AU,1691446454
373,mashhad,36.297,59.6062,78.94,44,0,4.61,IR,1691446495
374,djambala,-2.5447,14.7533,78.21,43,100,2.71,CG,1691446495
375,redencao,-4.2258,-38.7306,75.38,87,31,5.44,BR,1691446495
376,katsuren-haebaru,26.3369,127.8719,80.62,95,100,17.27,JP,1691446495
377,chiredzi,-21.05,31.6667,62.26,41,6,4.23,ZW,1691446431
378,kampong dungun,3.2167,101.3167,79.99,89,5,4.12,MY,1691446495
379,canavieiras,-15.675,-38.9472,71.65,87,75,4.56,BR,1691446495
380,kenai,60.5544,-151.2583,66.29,88,100,3.44,US,1691446495
381,tamanrasset,22.785,5.5228,85.91,21,20,3.44,DZ,1691446496
382,senta,45.9275,20.0772,56.12,79,77,7.7,RS,1691446496
383,zambezi,-13.5432,23.1047,66.52,36,61,4.61,ZM,1691446496
384,neryungri,56.6709,124.6491,63.61,70,100,2.46,RU,1691446496
385,dryden,49.7833,-92.7503,71.89,56,100,6.91,CA,1691446385
386,dalandzadgad,43.5708,104.425,72.99,40,13,8.41,MN,1691446496
387,oranjemund,-28.55,16.4333,54.73,92,1,9.6,NA,1691446496
388,kingscliff,-28.2667,153.5667,61.95,72,100,12.66,AU,1691446496
389,deqen,29.9618,90.7188,52.88,90,100,1.86,CN,1691446496
390,prince albert,53.2001,-105.7677,73.35,53,40,4.61,CA,1691446496
391,gladstone,-23.85,151.25,64.78,67,2,6.91,AU,1691446496
392,sos'va,59.1766,61.8558,59.14,99,100,4.34,RU,1691446496
393,touros,-5.1989,-35.4608,77.07,79,9,14.81,BR,1691446496
394,coyhaique,-45.5752,-72.0662,39.15,75,0,3.44,CL,1691446496
395,vizinga,61.0749,50.1031,53.87,93,1,5.08,RU,1691446496
396,sao vicente,-23.9631,-46.3919,89.78,54,1,1.99,BR,1691446496
397,magadan,59.5667,150.8,54.54,49,58,6.87,RU,1691446496
398,novocheboksarsk,56.111,47.4776,66.76,72,20,4.47,RU,1691446496
399,isheyevka,54.4167,48.2667,65.71,67,0,5.57,RU,1691446497
400,tura,25.5198,90.2201,74.34,99,100,1.54,IN,1691446218
401,sao joao da barra,-21.6403,-41.0511,73.49,86,0,18.79,BR,1691446290
402,asaita,11.5636,41.4394,91.17,41,38,3.8,ET,1691446497
403,lyambir',54.2817,45.1249,65.08,64,0,3.78,RU,1691446497
404,tralee,52.2704,-9.7026,56.03,94,100,4.72,IE,1691446491
405,selkirk,50.1436,-96.8845,81.1,45,81,7.14,CA,1691446497
406,boma,7.0805,-2.1697,72.27,97,67,2.75,GH,1691446497
407,ciudad general teran,25.2667,-99.6833,109.31,13,0,12.01,MX,1691446497
408,shenjiamen,29.9576,122.298,79.56,92,2,9.66,CN,1691446497
409,bistrica ob sotli,46.0589,15.6642,59.94,86,95,1.14,SI,1691446497
410,buka,40.8108,69.1986,75.31,33,48,7.58,UZ,1691446497
411,tuyum,9.9769,122.5582,80.51,84,5,9.75,PH,1691446497
412,aitape,-3.1374,142.3475,77.83,89,69,5.53,PG,1691446497
413,gubkinskiy,64.434,76.5026,62.17,64,81,7.52,RU,1691446497
414,julio de castilhos,-29.2269,-53.6817,50.43,94,100,15.01,BR,1691446497
415,pahrump,36.2083,-115.9839,102.25,6,0,11.01,US,1691446497
416,terra nova,-12.3667,-40.6667,69.75,80,90,5.46,BR,1691446462
417,iskateley,67.6803,53.1512,43.43,96,12,7.27,RU,1691446497
418,alaghsas,17.0187,8.0168,91.76,36,26,5.01,NE,1691446498
419,porto novo,6.4965,2.6036,78.62,86,39,7.85,BJ,1691446498
420,cabo san lucas,22.8909,-109.9124,99.61,65,20,11.5,MX,1691446424
421,dom pedrito,-30.9828,-54.6731,51.94,75,0,12.21,BR,1691446498
422,mosjoen,65.836,13.1908,60.91,94,75,0.0,NO,1691446498
423,piriapolis,-34.8682,-55.2744,46.9,74,40,10.36,UY,1691446498
424,prince rupert,54.3161,-130.3201,62.69,93,100,21.85,CA,1691446498
425,guerrero negro,27.9769,-114.0611,90.68,47,0,12.5,MX,1691446494
426,santa cruz,-17.8,-63.1667,86.05,39,40,6.91,BO,1691446498
427,peterhead,57.5058,-1.7981,54.0,80,92,7.4,GB,1691446498
428,kristiansund,63.1115,7.732,53.65,93,75,9.22,NO,1691446498
429,salt spring island,48.8173,-123.51,76.78,63,20,8.05,CA,1691446498
430,taro,-8.3862,115.28,66.2,84,74,0.67,ID,1691446498
431,misratah,32.3754,15.0925,78.93,68,0,12.26,LY,1691446498
432,yeppoon,-23.1333,150.7333,60.58,81,9,11.03,AU,1691446425
433,dzhetygara,52.1908,61.2006,64.78,89,78,6.4,KZ,1691446498
434,santa cruz do capibaribe,-7.9575,-36.2047,68.79,90,30,9.57,BR,1691446498
435,argo,37.6333,22.7333,78.78,62,0,5.53,GR,1691446498
436,borogontsy,62.6683,131.1683,58.15,48,91,4.99,RU,1691446498
437,grand falls-windsor,48.9332,-55.6649,57.51,89,83,3.0,CA,1691446499
438,emerald,-23.5333,148.1667,55.35,67,0,6.35,AU,1691446205
439,margate,51.3813,1.3862,59.7,77,95,3.0,GB,1691446424
440,praia da vitoria,38.7333,-27.0667,73.65,94,40,6.35,PT,1691446499
441,guajara mirim,-10.7828,-65.3394,90.73,33,5,3.0,BR,1691446499
442,ulladulla,-35.35,150.4667,50.05,78,0,3.49,AU,1691446499
443,tual,-5.6667,132.75,78.03,75,66,22.88,ID,1691446436
444,puerto penasco,31.3167,-113.5333,89.91,66,0,15.99,MX,1691446499
445,piti village,13.4626,144.6933,84.31,83,40,0.0,GU,1691446499
446,mahina,-17.5065,-149.489,83.97,65,20,8.05,PF,1691446499
447,esfarayen,37.0765,57.5101,71.26,27,91,5.84,IR,1691446499
448,itaituba,-4.2761,-55.9836,91.17,32,48,0.74,BR,1691446499
449,ganye,8.4333,12.0667,70.45,94,90,3.87,NG,1691446499
450,happy valley-goose bay,53.3168,-60.3315,62.91,67,75,5.75,CA,1691446499
451,zhengjiatun,43.5064,123.5064,64.53,93,33,5.21,CN,1691446499
452,benghazi,32.1167,20.0667,80.01,62,0,14.7,LY,1691446499
453,usogorsk,63.4106,48.6872,52.84,95,3,4.65,RU,1691446500
454,simanggang,1.2472,111.4528,76.98,94,97,2.3,MY,1691446500
455,zarinsk,53.7074,84.9493,55.42,67,0,1.7,RU,1691446500
456,santiago de cao,-7.9589,-79.2392,73.53,78,72,8.05,PE,1691446500
457,ouro sogui,15.6,-13.3167,93.06,36,14,12.91,SN,1691446500
458,bandundu,-3.3167,17.3667,79.23,61,80,5.35,CD,1691446500
459,colombo,6.9319,79.8478,82.35,88,100,10.76,LK,1691446500
460,nacala,-14.5428,40.6728,69.8,87,2,7.85,MZ,1691446500
461,boguchany,58.3814,97.4531,56.71,89,100,3.18,RU,1691446500
462,mmabatho,-25.85,25.6333,48.16,34,0,5.75,ZA,1691446500
463,shimoda,34.6667,138.95,79.11,81,75,10.58,JP,1691446500
464,luau,-10.7073,22.2247,67.62,35,1,4.83,AO,1691446500
465,ayorou,14.7308,0.9174,86.29,57,18,15.86,NE,1691446500
466,srivardhan,18.0333,73.0167,80.29,81,100,9.08,IN,1691446500
467,geneina,13.45,22.45,75.13,75,100,4.09,SD,1691446501
468,popondetta,-8.7537,148.2534,75.15,61,64,1.21,PG,1691446501
469,shatsk,54.0258,41.7119,65.39,70,0,8.55,RU,1691446501
470,achacachi,-16.05,-68.6833,49.5,64,5,15.37,BO,1691446501
471,suksun,57.1431,57.3949,60.87,84,63,9.42,RU,1691446501
472,caucasia,7.9865,-75.1935,85.77,82,100,6.38,CO,1691446501
473,ban houayxay,20.2453,100.4547,72.34,100,100,3.24,LA,1691446502
474,chernyshevskiy,63.0128,112.4714,58.42,72,100,7.67,RU,1691446502
475,newman,37.3138,-121.0208,105.06,9,0,10.92,US,1691446503
476,al fuwayliq,26.4432,43.2534,85.37,12,0,11.32,SA,1691446503
477,yorkton,51.2167,-102.4677,76.84,44,75,11.5,CA,1691446503
478,camana,-16.6228,-72.7111,64.94,79,55,6.38,PE,1691446216
479,ivdel',60.6911,60.4206,60.82,97,100,8.39,RU,1691446504
480,souillac,-20.5167,57.5167,71.98,60,40,9.22,MU,1691446504
481,lucapa,-8.4192,20.7447,71.74,29,25,3.53,AO,1691446504
482,geraldton,-28.7667,114.6,63.01,88,92,11.5,AU,1691446315
483,mwene-ditu,-7.0,23.45,77.79,29,19,4.25,CD,1691446504
484,port loko,8.7667,-12.7833,73.87,98,100,2.82,SL,1691446504
485,nguigmi,14.2495,13.1092,82.27,67,75,7.38,NE,1691446504
486,feldkirchen-westerham,47.9075,11.8427,52.41,81,61,5.77,DE,1691446505
487,guiping,23.3925,110.0814,79.07,90,99,2.19,CN,1691446505
488,ancud,-41.8697,-73.8203,47.64,81,100,5.44,CL,1691446505
489,biltine,14.5333,20.9167,79.21,73,100,2.04,TD,1691446505
490,warangal,18.0,79.5833,76.86,79,99,6.06,IN,1691446505
491,nova vicosa,-17.8919,-39.3719,74.21,77,88,9.82,BR,1691446505
492,boguchar,49.9358,40.545,76.96,46,13,3.96,RU,1691446506
493,tibu,8.639,-72.7358,94.12,50,100,2.55,CO,1691446506
494,kuala kangsar,4.7667,100.9333,78.51,98,83,2.26,MY,1691446506
495,nikolayevsk-on-amure,53.1406,140.73,73.69,47,46,3.67,RU,1691446506
496,hanzhong,33.0728,107.0303,72.93,95,33,1.45,CN,1691446506
497,kintinku,-5.8833,35.2333,68.29,53,27,2.75,TZ,1691446506
498,massawa,15.6097,39.45,94.78,50,28,4.81,ER,1691446506
499,nuku'alofa,-21.1333,-175.2,73.74,88,75,17.27,TO,1691446464
500,tomatlan,19.9333,-105.25,96.91,45,21,7.07,MX,1691446506
501,el ksour,35.8961,8.8849,65.35,69,0,2.84,TN,1691446506
502,yuzhno-kurilsk,44.0306,145.8556,59.18,98,100,9.44,RU,1691446507
503,dunedin,-45.8742,170.5036,42.8,72,100,15.01,NZ,1691446507
504,detroit lakes,46.8172,-95.8453,77.86,44,0,8.05,US,1691446356
505,moyale,3.5167,39.0584,71.58,47,94,13.78,KE,1691446507
506,porto franco,-6.3383,-47.3992,86.54,32,78,4.21,BR,1691446507
507,owen sound,44.5672,-80.9435,72.16,97,100,7.0,CA,1691446507
508,rabo de peixe,37.8,-25.5833,71.11,78,20,4.61,PT,1691446507
509,mar del plata,-38.0023,-57.5575,47.08,68,40,5.75,AR,1691446503
510,gaalkacyo,6.7697,47.4308,78.51,58,46,24.52,SO,1691446507
511,uliastay,47.7417,96.8444,59.22,37,36,6.89,MN,1691446508
512,celso ramos,-27.6344,-51.3364,59.92,98,100,2.46,BR,1691446508
513,mata-utu,-13.2816,-176.1745,81.63,75,12,7.47,WF,1691446508
514,kalianget,-7.05,113.9333,78.22,74,84,15.73,ID,1691446508
515,cannonvale,-20.2833,148.7,67.39,78,26,13.18,AU,1691446508
516,pudasjarvi,65.3833,26.9167,66.27,83,1,12.06,FI,1691446509
517,iquique,-20.2208,-70.1431,63.99,79,54,3.44,CL,1691446229
518,leava,-14.3,-178.1667,81.18,76,10,5.64,WF,1691446509
519,xinyuan,37.3,99.0,41.58,81,58,2.91,CN,1691446509
520,jiuquan,39.7432,98.5174,77.04,26,95,6.46,CN,1691446510
521,sidney,-33.8679,151.2073,55.31,89,75,5.75,AU,1691446486
522,clearwater,27.9659,-82.8001,94.96,67,0,10.36,US,1691446188
523,al bawiti,28.3492,28.8659,84.63,54,0,13.49,EG,1691446510
524,khanty-mansiysk,61.0042,69.0019,62.71,72,1,0.0,RU,1691446510
525,alesund,62.4723,6.1549,55.9,92,100,23.02,NO,1691446510
526,zhangye,38.9342,100.4517,77.74,27,84,9.62,CN,1691446510
527,mocorito,25.4833,-107.9167,100.2,33,8,10.63,MX,1691446510
528,lospalos,-8.5186,127.0025,65.73,84,34,5.64,TL,1691446510
529,el haouaria,37.05,11.0144,73.42,61,0,22.88,TN,1691446510
530,sorong,-0.8833,131.25,75.56,89,92,13.31,ID,1691446510
531,dompu,-8.5356,118.4622,67.05,90,9,2.46,ID,1691446511
532,boca suno,-0.7167,-77.1333,83.79,67,100,2.06,EC,1691446511
533,djebeniana,35.035,10.9081,82.2,51,0,11.3,TN,1691446511
534,haiku-pauwela,20.9219,-156.3051,86.16,56,20,31.07,US,1691446424
535,port-vila,-17.7338,168.3219,71.2,88,100,11.5,VU,1691446512
536,kampot,10.6167,104.1833,80.65,85,49,7.74,KH,1691446512
537,lorengau,-2.0226,147.2712,82.38,72,98,14.36,PG,1691446512
538,leirvik,59.7798,5.5005,56.62,89,100,31.81,NO,1691446512
539,norderney,53.7,7.15,60.03,71,37,28.14,DE,1691446512
540,bafq,31.6128,55.4107,86.7,23,1,10.04,IR,1691446512
541,sault ste. marie,46.5168,-84.3333,79.36,44,75,18.41,CA,1691445708
542,zouerate,22.7187,-12.4521,88.36,21,3,9.82,MR,1691446512
543,sandpoint,48.2766,-116.5533,85.44,50,0,1.99,US,1691446441
544,boajibu,8.1833,-11.3333,72.45,99,100,1.57,SL,1691446512
545,viqueque,-8.8673,126.3658,70.34,83,14,3.0,TL,1691446513
546,kapa'a,22.0752,-159.319,84.18,89,100,11.5,US,1691446513
547,shalya,57.2471,58.7298,55.78,98,25,4.5,RU,1691446513
548,ixtapa,20.7,-105.2,92.43,59,75,10.0,MX,1691446513
549,tibanbang,6.6315,126.1055,81.03,81,100,6.15,PH,1691446513
550,horta,38.5333,-28.6333,73.02,84,3,8.99,PT,1691446513
551,waddan,29.1614,16.139,79.72,41,4,13.24,LY,1691446513
552,santo antonio do ica,-3.1022,-67.9397,79.41,86,93,2.39,BR,1691446514
553,estevan,49.1334,-102.9842,82.6,26,40,6.91,CA,1691446331
554,malmesbury,-33.4608,18.7271,54.75,91,0,1.9,ZA,1691446514
555,lisala,2.15,21.5167,69.73,96,99,1.52,CD,1691446514
556,ola,59.5833,151.2833,55.15,49,48,12.33,RU,1691446514
557,grootfontein,-19.5667,18.1167,56.79,33,0,5.82,NA,1691446514
558,semnan,35.5729,53.3971,80.19,37,84,3.2,IR,1691446514
559,golfito,8.639,-83.166,75.96,98,100,2.57,CR,1691446514
560,pathein,16.7833,94.7333,78.76,87,100,8.68,MM,1691446514
561,luanda,-8.8368,13.2343,69.8,88,0,6.91,AO,1691446426
562,jamaame,0.0697,42.745,74.66,83,17,12.17,SO,1691446515
563,colonia,50.9333,6.95,58.95,78,0,5.75,DE,1691446480
564,vermilion-on-the-lake,41.4284,-82.3238,70.95,86,100,9.22,US,1691446515
565,manly,-33.798,151.2883,55.96,79,75,5.75,AU,1691446312
566,wotho,10.1657,166.0102,82.35,79,100,13.58,MH,1691446515
567,muisne,0.6,-80.0333,78.71,80,100,9.93,EC,1691446515
568,egilsstadir,65.2653,-14.3948,46.31,71,0,8.05,IS,1691446473
569,fendou,46.65,124.8667,64.2,93,100,3.8,CN,1691446515
570,moussoro,13.6408,16.4901,84.63,55,99,6.42,TD,1691446515
571,bousso,10.4795,16.7117,75.49,84,100,4.16,TD,1691446515
572,gorom-gorom,14.4439,-0.2361,85.98,57,20,13.58,BF,1691446515
573,gandajika,-6.75,23.95,80.62,29,43,4.52,CD,1691446515
574,broken hill,-31.95,141.4333,44.42,73,12,6.33,AU,1691446516
575,vozhega,60.4725,40.2213,62.31,88,0,5.3,RU,1691446516
576,pittsburg,38.028,-121.8847,104.29,27,0,11.5,US,1691446516
577,general conesa,-40.1,-64.4333,48.2,35,67,10.02,AR,1691446516
578,banda,25.4833,80.3333,80.44,79,100,13.94,IN,1691446516
579,gardnerville ranchos,38.8882,-119.7413,90.21,20,0,16.11,US,1691446516
580,forst,51.7333,14.6333,58.89,72,70,16.58,DE,1691446516
581,richards bay,-28.783,32.0377,62.22,93,6,4.03,ZA,1691446471
582,impfondo,1.6381,18.0667,70.12,96,100,1.25,CG,1691446516
583,fortuna,40.5982,-124.1573,72.93,81,75,14.97,US,1691446516
584,olinda,-8.0089,-34.8553,78.53,78,40,10.36,BR,1691446517
585,saint-joseph,-21.3667,55.6167,66.58,77,79,15.14,RE,1691446517
586,chos malal,-37.3781,-70.2709,51.21,48,100,1.34,AR,1691446335
587,tapes,-30.6733,-51.3958,56.3,78,57,13.35,BR,1691446517
588,saudarkrokur,65.7461,-19.6394,51.53,74,84,4.52,IS,1691446517
589,kupang,-10.1667,123.5833,73.06,74,4,11.65,ID,1691446517
